"","Date","Days","Prevalence","Quantidade","Treatment","BeforeAfterQuarantine","Year","Month"
"1",2011-01-06,1,0,3,"Urban","Before","2011","01"
"2",2011-01-07,2,0.25,8,"Urban","Before","2011","01"
"5",2011-01-10,5,0.25,4,"Urban","Before","2011","01"
"6",2011-01-11,6,0,10,"Urban","Before","2011","01"
"7",2011-01-12,7,0,10,"Urban","Before","2011","01"
"9",2011-01-14,9,0,5,"Urban","Before","2011","01"
"19",2011-01-24,19,0,10,"Urban","Before","2011","01"
"27",2011-02-01,27,0.25,4,"Urban","Before","2011","02"
"33",2011-02-07,33,0,4,"Urban","Before","2011","02"
"34",2011-02-08,34,0,4,"Urban","Before","2011","02"
"35",2011-02-09,35,0,4,"Urban","Before","2011","02"
"37",2011-02-11,37,0.125,16,"Urban","Before","2011","02"
"40",2011-02-14,40,0,11,"Urban","Before","2011","02"
"48",2011-02-22,48,0,2,"Urban","Before","2011","02"
"50",2011-02-24,50,0,6,"Urban","Before","2011","02"
"54",2011-02-28,54,0,9,"Urban","Before","2011","02"
"55",2011-03-01,55,0,9,"Urban","Before","2011","03"
"56",2011-03-02,56,0.333333333333333,9,"Urban","Before","2011","03"
"57",2011-03-03,57,0,4,"Urban","Before","2011","03"
"58",2011-03-04,58,0,6,"Urban","Before","2011","03"
"63",2011-03-09,63,0,2,"Urban","Before","2011","03"
"72",2011-03-18,72,0,3,"Urban","Before","2011","03"
"85",2011-03-31,85,0.125,8,"Urban","Before","2011","03"
"97",2011-04-12,97,0,7,"Urban","Before","2011","04"
"99",2011-04-14,99,0,10,"Urban","Before","2011","04"
"103",2011-04-18,103,0,10,"Urban","Before","2011","04"
"104",2011-04-19,104,0,9,"Urban","Before","2011","04"
"110",2011-04-25,110,0.0476190476190476,21,"Urban","Before","2011","04"
"112",2011-04-27,112,0,13,"Urban","Before","2011","04"
"114",2011-04-29,114,0,7,"Urban","Before","2011","04"
"120",2011-05-05,120,0,10,"Urban","Before","2011","05"
"127",2011-05-12,127,0,16,"Urban","Before","2011","05"
"131",2011-05-16,131,0,9,"Urban","Before","2011","05"
"134",2011-05-19,134,0.2,20,"Urban","Before","2011","05"
"135",2011-05-20,135,0.153846153846154,13,"Urban","Before","2011","05"
"223",2011-08-16,223,0.125,24,"Urban","Before","2011","08"
"230",2011-08-23,230,0,10,"Urban","Before","2011","08"
"232",2011-08-25,232,1,1,"Urban","Before","2011","08"
"236",2011-08-29,236,0,6,"Urban","Before","2011","08"
"238",2011-08-31,238,0,8,"Urban","Before","2011","08"
"247",2011-09-09,247,0,7,"Urban","Before","2011","09"
"248",2011-09-10,248,0,6,"Urban","Before","2011","09"
"250",2011-09-12,250,0,11,"Urban","Before","2011","09"
"252",2011-09-14,252,0.142857142857143,14,"Urban","Before","2011","09"
"257",2011-09-19,257,0,4,"Urban","Before","2011","09"
"258",2011-09-20,258,0,15,"Urban","Before","2011","09"
"262",2011-09-24,262,0,9,"Urban","Before","2011","09"
"269",2011-10-01,269,0,2,"Urban","Before","2011","10"
"272",2011-10-04,272,0,8,"Urban","Before","2011","10"
"283",2011-10-15,283,0,7,"Urban","Before","2011","10"
"288",2011-10-20,288,0,32,"Urban","Before","2011","10"
"304",2011-11-05,304,0,4,"Urban","Before","2011","11"
"305",2011-11-06,305,0,1,"Urban","Before","2011","11"
"307",2011-11-08,307,0,6,"Urban","Before","2011","11"
"309",2011-11-10,309,0,15,"Urban","Before","2011","11"
"312",2011-11-13,312,0,4,"Urban","Before","2011","11"
"313",2011-11-14,313,0,4,"Urban","Before","2011","11"
"315",2011-11-16,315,0,1,"Urban","Before","2011","11"
"317",2011-11-18,317,0,1,"Urban","Before","2011","11"
"319",2011-11-20,319,0,4,"Urban","Before","2011","11"
"320",2011-11-21,320,0,9,"Urban","Before","2011","11"
"323",2011-11-24,323,0,5,"Urban","Before","2011","11"
"332",2011-12-03,332,0,2,"Urban","Before","2011","12"
"340",2011-12-11,340,0,4,"Urban","Before","2011","12"
"342",2011-12-13,342,0,4,"Urban","Before","2011","12"
"345",2011-12-16,345,0.142857142857143,7,"Urban","Before","2011","12"
"1286",2014-07-14,1286,0.3,10,"Urban","Before","2014","07"
"1288",2014-07-16,1288,0.263157894736842,19,"Urban","Before","2014","07"
"1289",2014-07-17,1289,0.2,5,"Urban","Before","2014","07"
"1290",2014-07-18,1290,0.3,10,"Urban","Before","2014","07"
"1291",2014-07-19,1291,0.222222222222222,9,"Urban","Before","2014","07"
"1292",2014-07-20,1292,0.222222222222222,9,"Urban","Before","2014","07"
"1293",2014-07-21,1293,0.363636363636364,11,"Urban","Before","2014","07"
"1295",2014-07-23,1295,0.5,2,"Urban","Before","2014","07"
"1297",2014-07-25,1297,0.571428571428571,7,"Urban","Before","2014","07"
"1298",2014-07-26,1298,0,1,"Urban","Before","2014","07"
"1299",2014-07-27,1299,0,1,"Urban","Before","2014","07"
"1300",2014-07-28,1300,1,1,"Urban","Before","2014","07"
"1301",2014-07-29,1301,0.333333333333333,6,"Urban","Before","2014","07"
"1303",2014-07-31,1303,0,1,"Urban","Before","2014","07"
"1304",2014-08-01,1304,0.142857142857143,7,"Urban","Before","2014","08"
"1305",2014-08-02,1305,0.0833333333333333,12,"Urban","Before","2014","08"
"1315",2014-08-12,1315,0.166666666666667,6,"Urban","Before","2014","08"
"1317",2014-08-14,1317,0,8,"Urban","Before","2014","08"
"1319",2014-08-16,1319,0,3,"Urban","Before","2014","08"
"1329",2014-08-26,1329,0.333333333333333,3,"Urban","Before","2014","08"
"1331",2014-08-28,1331,0,10,"Urban","Before","2014","08"
"1332",2014-08-29,1332,0,2,"Urban","Before","2014","08"
"1334",2014-08-31,1334,0,1,"Urban","Before","2014","08"
"1335",2014-09-01,1335,0,1,"Urban","Before","2014","09"
"1336",2014-09-02,1336,0,2,"Urban","Before","2014","09"
"1343",2014-09-09,1343,0,2,"Urban","Before","2014","09"
"1345",2014-09-11,1345,0,9,"Urban","Before","2014","09"
"1347",2014-09-13,1347,0.5,2,"Urban","Before","2014","09"
"1348",2014-09-14,1348,0,1,"Urban","Before","2014","09"
"1357",2014-09-23,1357,0,1,"Urban","Before","2014","09"
"1358",2014-09-24,1358,0,6,"Urban","Before","2014","09"
"1360",2014-09-26,1360,0,6,"Urban","Before","2014","09"
"1361",2014-09-27,1361,0,5,"Urban","Before","2014","09"
"1362",2014-09-28,1362,0,1,"Urban","Before","2014","09"
"1371",2014-10-07,1371,0.111111111111111,9,"Urban","Before","2014","10"
"1373",2014-10-09,1373,0,12,"Urban","Before","2014","10"
"1482",2015-01-26,1482,0.0833333333333333,12,"Urban","Before","2015","01"
"1483",2015-01-27,1483,0.5,2,"Urban","Before","2015","01"
"1484",2015-01-28,1484,0,1,"Urban","Before","2015","01"
"1485",2015-01-29,1485,0.333333333333333,3,"Urban","Before","2015","01"
"1486",2015-01-30,1486,0,3,"Urban","Before","2015","01"
"1487",2015-01-31,1487,0.166666666666667,6,"Urban","Before","2015","01"
"1488",2015-02-01,1488,0.142857142857143,7,"Urban","Before","2015","02"
"1493",2015-02-06,1493,0.333333333333333,3,"Urban","Before","2015","02"
"1495",2015-02-08,1495,0,10,"Urban","Before","2015","02"
"1496",2015-02-09,1496,0,4,"Urban","Before","2015","02"
"1497",2015-02-10,1497,0.0769230769230769,13,"Urban","Before","2015","02"
"1501",2015-02-14,1501,0.2,5,"Urban","Before","2015","02"
"1502",2015-02-15,1502,0,4,"Urban","Before","2015","02"
"1504",2015-02-17,1504,0,2,"Urban","Before","2015","02"
"1508",2015-02-21,1508,0.25,4,"Urban","Before","2015","02"
"1509",2015-02-22,1509,0,8,"Urban","Before","2015","02"
"1825",2016-01-04,1825,0,16,"Urban","Before","2016","01"
"1827",2016-01-06,1827,0,5,"Urban","Before","2016","01"
"1829",2016-01-08,1829,0.333333333333333,3,"Urban","Before","2016","01"
"1832",2016-01-11,1832,0,9,"Urban","Before","2016","01"
"1835",2016-01-14,1835,0,8,"Urban","Before","2016","01"
"1838",2016-01-17,1838,0,20,"Urban","Before","2016","01"
"1842",2016-01-21,1842,0,11,"Urban","Before","2016","01"
"1849",2016-01-28,1849,0,16,"Urban","Before","2016","01"
"1856",2016-02-04,1856,0,14,"Urban","Before","2016","02"
"1863",2016-02-11,1863,0.166666666666667,12,"Urban","Before","2016","02"
"1954",2016-05-12,1954,0,22,"Urban","Before","2016","05"
"1955",2016-05-13,1955,0,1,"Urban","Before","2016","05"
"1965",2016-05-23,1965,0.333333333333333,12,"Urban","Before","2016","05"
"1966",2016-05-24,1966,0.166666666666667,6,"Urban","Before","2016","05"
"2165",2016-12-09,2165,0,4,"Urban","Before","2016","12"
"2166",2016-12-10,2166,0,1,"Urban","Before","2016","12"
"2168",2016-12-12,2168,0.4,10,"Urban","Before","2016","12"
"2175",2016-12-19,2175,0.0526315789473684,19,"Urban","Before","2016","12"
"2177",2016-12-21,2177,0,9,"Urban","Before","2016","12"
"2183",2016-12-27,2183,0.142857142857143,7,"Urban","Before","2016","12"
"2184",2016-12-28,2184,0.333333333333333,12,"Urban","Before","2016","12"
"2186",2016-12-30,2186,0.2,15,"Urban","Before","2016","12"
"2190",2017-01-03,2190,0.1,10,"Urban","Before","2017","01"
"2191",2017-01-04,2191,0,5,"Urban","Before","2017","01"
"2196",2017-01-09,2196,0.217391304347826,23,"Urban","Before","2017","01"
"2197",2017-01-10,2197,0,4,"Urban","Before","2017","01"
"2204",2017-01-17,2204,0.142857142857143,7,"Urban","Before","2017","01"
"2205",2017-01-18,2205,0.5,2,"Urban","Before","2017","01"
"2212",2017-01-25,2212,0.666666666666667,3,"Urban","Before","2017","01"
"2213",2017-01-26,2213,0.0909090909090909,11,"Urban","Before","2017","01"
"2217",2017-01-30,2217,0.166666666666667,18,"Urban","Before","2017","01"
"2219",2017-02-01,2219,0,4,"Urban","Before","2017","02"
"2353",2017-06-15,2353,0.186602870813397,209,"Urban","Before","2017","06"
"2507",2017-11-16,2507,1,1,"Urban","Before","2017","11"
"2510",2017-11-19,2510,0,2,"Urban","Before","2017","11"
"2516",2017-11-25,2516,0,2,"Urban","Before","2017","11"
"2518",2017-11-27,2518,0,1,"Urban","Before","2017","11"
"2521",2017-11-30,2521,0,9,"Urban","Before","2017","11"
"2525",2017-12-04,2525,0.125,16,"Urban","Before","2017","12"
"2529",2017-12-08,2529,0,1,"Urban","Before","2017","12"
"2535",2017-12-14,2535,0.166666666666667,6,"Urban","Before","2017","12"
"2540",2017-12-19,2540,0.181818181818182,11,"Urban","Before","2017","12"
"2701",2018-05-29,2701,0.181818181818182,11,"Urban","Before","2018","05"
"2708",2018-06-05,2708,0.192307692307692,26,"Urban","Before","2018","06"
"2715",2018-06-12,2715,0.2,25,"Urban","Before","2018","06"
"2722",2018-06-19,2722,0.166666666666667,24,"Urban","Before","2018","06"
"2729",2018-06-26,2729,0.16,25,"Urban","Before","2018","06"
"2736",2018-07-03,2736,0.1875,16,"Urban","Before","2018","07"
"2738",2018-07-05,2738,0.222222222222222,9,"Urban","Before","2018","07"
"2743",2018-07-10,2743,0.111111111111111,18,"Urban","Before","2018","07"
"2745",2018-07-12,2745,0.142857142857143,7,"Urban","Before","2018","07"
"2750",2018-07-17,2750,0.105263157894737,19,"Urban","Before","2018","07"
"2752",2018-07-19,2752,0,6,"Urban","Before","2018","07"
"2757",2018-07-24,2757,0,12,"Urban","Before","2018","07"
"2759",2018-07-26,2759,0.25,8,"Urban","Before","2018","07"
"2761",2018-07-28,2761,0.2,5,"Urban","Before","2018","07"
"2764",2018-07-31,2764,0,3,"Urban","Before","2018","07"
"2766",2018-08-02,2766,0,8,"Urban","Before","2018","08"
"2768",2018-08-04,2768,0.285714285714286,14,"Urban","Before","2018","08"
"2903",2018-12-17,2903,0.444444444444444,9,"Urban","Before","2018","12"
"2907",2018-12-21,2907,0.222222222222222,9,"Urban","Before","2018","12"
"3066",2019-05-29,3066,0,10,"Urban","Before","2019","05"
"3067",2019-05-30,3067,0.333333333333333,3,"Urban","Before","2019","05"
"3110",2019-07-12,3110,0.08,25,"Urban","Before","2019","07"
"3190",2019-09-30,3190,0,20,"Urban","Before","2019","09"
"3192",2019-10-02,3192,0.210526315789474,19,"Urban","Before","2019","10"
"3500",2020-08-05,3500,0,29,"Urban","After","2020","08"
"3673",2021-01-25,3673,0,28,"Urban","After","2021","01"
"3794",2021-05-26,3794,0.08,25,"Urban","After","2021","05"
"3802",2021-06-03,3802,0.0535714285714286,112,"Urban","After","2021","06"
"3820",2021-06-21,3820,0.205882352941176,34,"Urban","After","2021","06"
"3838",2021-07-09,3838,0,24,"Urban","After","2021","07"
"3865",2021-08-05,3865,0.0476190476190476,21,"Urban","After","2021","08"
"3905",2021-09-14,3905,0.111111111111111,18,"Urban","After","2021","09"
"21",2011-01-26,21,0,3,"Suburban","Before","2011","01"
"22",2011-01-27,22,0,2,"Suburban","Before","2011","01"
"971",2011-04-12,97,0.375,8,"Suburban","Before","2011","04"
"102",2011-04-17,102,0.333333333333333,3,"Suburban","Before","2011","04"
"106",2011-04-21,106,0.6,5,"Suburban","Before","2011","04"
"121",2011-05-06,121,0.666666666666667,6,"Suburban","Before","2011","05"
"124",2011-05-09,124,0.307692307692308,13,"Suburban","Before","2011","05"
"224",2011-08-17,224,0.1,10,"Suburban","Before","2011","08"
"239",2011-09-01,239,0,13,"Suburban","Before","2011","09"
"273",2011-10-05,273,0.1,10,"Suburban","Before","2011","10"
"275",2011-10-07,275,0,6,"Suburban","Before","2011","10"
"290",2011-10-22,290,0,3,"Suburban","Before","2011","10"
"1490",2015-02-03,1490,0.0555555555555556,18,"Suburban","Before","2015","02"
"1491",2015-02-04,1491,0,14,"Suburban","Before","2015","02"
"1492",2015-02-05,1492,0.166666666666667,12,"Suburban","Before","2015","02"
"1499",2015-02-12,1499,0,3,"Suburban","Before","2015","02"
"2904",2018-12-18,2904,0.25,12,"Suburban","Before","2018","12"
"2909",2018-12-23,2909,0.25,4,"Suburban","Before","2018","12"
"3499",2020-08-04,3499,0,10,"Suburban","After","2020","08"
"3502",2020-08-07,3502,0,15,"Suburban","After","2020","08"
"3675",2021-01-27,3675,0,8,"Suburban","After","2021","01"
"3677",2021-01-29,3677,0,5,"Suburban","After","2021","01"
"3678",2021-01-30,3678,0,11,"Suburban","After","2021","01"
"3788",2021-05-20,3788,0,23,"Suburban","After","2021","05"
"3798",2021-05-30,3798,0,9,"Suburban","After","2021","05"
"3800",2021-06-01,3800,0,12,"Suburban","After","2021","06"
"3816",2021-06-17,3816,0.0869565217391304,23,"Suburban","After","2021","06"
"3841",2021-07-12,3841,0.0909090909090909,22,"Suburban","After","2021","07"
"3915",2021-09-24,3915,0.153846153846154,13,"Suburban","After","2021","09"
"11",2011-01-06,1,0,12,"Rural","Before","2011","01"
"8",2011-01-13,8,0,1,"Rural","Before","2011","01"
"13",2011-01-18,13,0,8,"Rural","Before","2011","01"
"20",2011-01-25,20,0.0357142857142857,28,"Rural","Before","2011","01"
"28",2011-02-02,28,0.384615384615385,13,"Rural","Before","2011","02"
"36",2011-02-10,36,0,3,"Rural","Before","2011","02"
"41",2011-02-15,41,0,4,"Rural","Before","2011","02"
"42",2011-02-16,42,0.166666666666667,12,"Rural","Before","2011","02"
"541",2011-02-28,54,0.25,4,"Rural","Before","2011","02"
"571",2011-03-03,57,0,2,"Rural","Before","2011","03"
"581",2011-03-04,58,0,2,"Rural","Before","2011","03"
"77",2011-03-23,77,0.0714285714285714,14,"Rural","Before","2011","03"
"79",2011-03-25,79,0,1,"Rural","Before","2011","03"
"851",2011-03-31,85,0.176470588235294,17,"Rural","Before","2011","03"
"91",2011-04-06,91,0,7,"Rural","Before","2011","04"
"98",2011-04-13,98,0.222222222222222,9,"Rural","Before","2011","04"
"105",2011-04-20,105,0,2,"Rural","Before","2011","04"
"1061",2011-04-21,106,0,2,"Rural","Before","2011","04"
"107",2011-04-22,107,0,1,"Rural","Before","2011","04"
"111",2011-04-26,111,0,7,"Rural","Before","2011","04"
"1121",2011-04-27,112,0.272727272727273,11,"Rural","Before","2011","04"
"113",2011-04-28,113,0,5,"Rural","Before","2011","04"
"117",2011-05-02,117,0.181818181818182,11,"Rural","Before","2011","05"
"118",2011-05-03,118,0.133333333333333,15,"Rural","Before","2011","05"
"125",2011-05-10,125,0,3,"Rural","Before","2011","05"
"126",2011-05-11,126,0,10,"Rural","Before","2011","05"
"128",2011-05-13,128,0.444444444444444,9,"Rural","Before","2011","05"
"1341",2011-05-19,134,0,1,"Rural","Before","2011","05"
"138",2011-05-23,138,0,8,"Rural","Before","2011","05"
"140",2011-05-25,140,0,3,"Rural","Before","2011","05"
"231",2011-08-24,231,0,10,"Rural","Before","2011","08"
"2321",2011-08-25,232,0.0833333333333333,12,"Rural","Before","2011","08"
"237",2011-08-30,237,0,10,"Rural","Before","2011","08"
"244",2011-09-06,244,0,8,"Rural","Before","2011","09"
"245",2011-09-07,245,0.3125,16,"Rural","Before","2011","09"
"251",2011-09-13,251,0.0833333333333333,12,"Rural","Before","2011","09"
"253",2011-09-15,253,0,9,"Rural","Before","2011","09"
"265",2011-09-27,265,0.0454545454545455,22,"Rural","Before","2011","09"
"2691",2011-10-01,269,0.0714285714285714,14,"Rural","Before","2011","10"
"276",2011-10-08,276,0,5,"Rural","Before","2011","10"
"297",2011-10-29,297,0,5,"Rural","Before","2011","10"
"303",2011-11-04,303,0,4,"Rural","Before","2011","11"
"311",2011-11-12,311,0,3,"Rural","Before","2011","11"
"3121",2011-11-13,312,0,6,"Rural","Before","2011","11"
"1283",2014-07-11,1283,0.0909090909090909,22,"Rural","Before","2014","07"
"1287",2014-07-15,1287,0.166666666666667,12,"Rural","Before","2014","07"
"13001",2014-07-28,1300,0.142857142857143,21,"Rural","Before","2014","07"
"1302",2014-07-30,1302,0.130434782608696,23,"Rural","Before","2014","07"
"1314",2014-08-11,1314,0.0952380952380952,21,"Rural","Before","2014","08"
"1320",2014-08-17,1320,0.04,25,"Rural","Before","2014","08"
"1328",2014-08-25,1328,0,11,"Rural","Before","2014","08"
"1330",2014-08-27,1330,0.111111111111111,18,"Rural","Before","2014","08"
"1344",2014-09-10,1344,0,19,"Rural","Before","2014","09"
"1346",2014-09-12,1346,0.0714285714285714,14,"Rural","Before","2014","09"
"1356",2014-09-22,1356,0,7,"Rural","Before","2014","09"
"1359",2014-09-25,1359,0.1,20,"Rural","Before","2014","09"
"1370",2014-10-06,1370,0,12,"Rural","Before","2014","10"
"1372",2014-10-08,1372,0.05,20,"Rural","Before","2014","10"
"1498",2015-02-11,1498,0.230769230769231,13,"Rural","Before","2015","02"
"1500",2015-02-13,1500,0.142857142857143,7,"Rural","Before","2015","02"
"1505",2015-02-18,1505,0.136363636363636,22,"Rural","Before","2015","02"
"1507",2015-02-20,1507,0,5,"Rural","Before","2015","02"
"2169",2016-12-13,2169,0.0909090909090909,11,"Rural","Before","2016","12"
"2170",2016-12-14,2170,0.2,35,"Rural","Before","2016","12"
"2174",2016-12-18,2174,0.0869565217391304,23,"Rural","Before","2016","12"
"2176",2016-12-20,2176,0,5,"Rural","Before","2016","12"
"2178",2016-12-22,2178,0.0833333333333333,12,"Rural","Before","2016","12"
"2179",2016-12-23,2179,0,8,"Rural","Before","2016","12"
"2182",2016-12-26,2182,0,5,"Rural","Before","2016","12"
"21831",2016-12-27,2183,0.25,4,"Rural","Before","2016","12"
"21861",2016-12-30,2186,0.2,5,"Rural","Before","2016","12"
"2187",2016-12-31,2187,0,4,"Rural","Before","2016","12"
"21911",2017-01-04,2191,0.333333333333333,6,"Rural","Before","2017","01"
"2193",2017-01-06,2193,0.0714285714285714,14,"Rural","Before","2017","01"
"21961",2017-01-09,2196,0.333333333333333,9,"Rural","Before","2017","01"
"21971",2017-01-10,2197,0,1,"Rural","Before","2017","01"
"2199",2017-01-12,2199,0.125,8,"Rural","Before","2017","01"
"2201",2017-01-14,2201,0,11,"Rural","Before","2017","01"
"22041",2017-01-17,2204,0.241379310344828,29,"Rural","Before","2017","01"
"22051",2017-01-18,2205,0.25,4,"Rural","Before","2017","01"
"2211",2017-01-24,2211,0.166666666666667,6,"Rural","Before","2017","01"
"22131",2017-01-26,2213,0.222222222222222,9,"Rural","Before","2017","01"
"22171",2017-01-30,2217,0,4,"Rural","Before","2017","01"
"23531",2017-06-15,2353,0.0981432360742706,377,"Rural","Before","2017","06"
"2508",2017-11-17,2508,0,14,"Rural","Before","2017","11"
"2511",2017-11-20,2511,0.111111111111111,9,"Rural","Before","2017","11"
"2515",2017-11-24,2515,0.206896551724138,29,"Rural","Before","2017","11"
"2522",2017-12-01,2522,0.285714285714286,7,"Rural","Before","2017","12"
"2524",2017-12-03,2524,0.0909090909090909,11,"Rural","Before","2017","12"
"2526",2017-12-05,2526,0.333333333333333,3,"Rural","Before","2017","12"
"2538",2017-12-17,2538,0.214285714285714,14,"Rural","Before","2017","12"
"2541",2017-12-20,2541,0.285714285714286,7,"Rural","Before","2017","12"
"2542",2017-12-21,2542,0.2,5,"Rural","Before","2017","12"
"2549",2017-12-28,2549,0.333333333333333,3,"Rural","Before","2017","12"
"27011",2018-05-29,2701,0.08,25,"Rural","Before","2018","05"
"27081",2018-06-05,2708,0,25,"Rural","Before","2018","06"
"27151",2018-06-12,2715,0.0833333333333333,24,"Rural","Before","2018","06"
"27221",2018-06-19,2722,0.08,25,"Rural","Before","2018","06"
"27291",2018-06-26,2729,0.2,25,"Rural","Before","2018","06"
"27361",2018-07-03,2736,0,25,"Rural","Before","2018","07"
"27431",2018-07-10,2743,0,25,"Rural","Before","2018","07"
"27501",2018-07-17,2750,0,25,"Rural","Before","2018","07"
"27571",2018-07-24,2757,0.12,25,"Rural","Before","2018","07"
"27641",2018-07-31,2764,0,1,"Rural","Before","2018","07"
"2771",2018-08-07,2771,0,32,"Rural","Before","2018","08"
"2772",2018-08-08,2772,0,2,"Rural","Before","2018","08"
"2906",2018-12-20,2906,0.434782608695652,23,"Rural","Before","2018","12"
"3065",2019-05-28,3065,0.333333333333333,6,"Rural","Before","2019","05"
"30671",2019-05-30,3067,0.25,8,"Rural","Before","2019","05"
"3498",2020-08-03,3498,0,19,"Rural","After","2020","08"
"3501",2020-08-06,3501,0,10,"Rural","After","2020","08"
"3674",2021-01-26,3674,0,22,"Rural","After","2021","01"
"3676",2021-01-28,3676,0,6,"Rural","After","2021","01"
"3793",2021-05-25,3793,0,26,"Rural","After","2021","05"
"3817",2021-06-18,3817,0,25,"Rural","After","2021","06"
"3843",2021-07-14,3843,0,10,"Rural","After","2021","07"
"3844",2021-07-15,3844,0.0204081632653061,49,"Rural","After","2021","07"
"3863",2021-08-03,3863,0,33,"Rural","After","2021","08"
"3914",2021-09-23,3914,0.3,10,"Rural","After","2021","09"
"3919",2021-09-28,3919,0.5,12,"Rural","After","2021","09"
